Question,FOL Query
Can you spot a police car at the center?,"TypeOf(x, PoliceCar)^InitialLocation(x, NearFront)"
Can you spot a person on the right of the police car? ,"Pedestrian(x)^IsPerson(x)^InitialLocation(x, NearRight)^TypeOf(y, PoliceCar)"
Is there a brown car on the right?,"TypeOf(x, Car)^ColorOf(x, Brown)^InitialLocation(x, NearRight)"
Is there a white SUV on the write of the police car?,"TypeOf(x, SUV)^ColorOf(x, White)^InitialLocation(x, NearRight)^TypeOf(y, PoliceCar)"
Does the pedestrian disappear from the scene?,Pedestrian(x)^Disappear(x)
Can you spot a police car near the front?,"TypeOf(x, PoliceCar)^InitialLocation(x, NearFront)"
Is the white car at the center accelerating?,"TypeOf(x, Car)^ColorOf(x, White)^InitialLocation(x, NearFront)^Vehicles(x)^Accelerate(x)"
Does the police car approach a blue car coming from the opposite direction?,"TypeOf(x, PoliceCar)^ColorOf(x, Black)^TypeOf(y, Car)^ColorOf(y, Blue)^ComeClose(x, y)^InitialLocation(x, NearFront)^InitialLocation(y, NearFront)"
Does the distance between the police car at the center and the brown SUV on the left decrease?,"TypeOf(x, PoliceCar)^TypeOf(y, SUV)^ColorOf(y, Brown)^InitialLocation(x, Center)^InitialLocation(y, Left)^DistanceDecrease(x, y)"
Does the car on the right accelerate?,"TypeOf(x, Car)^ColorOf(x, )^Vehicles(x)^Accelerate(x)^InitialLocation(x, Right)"
Can you spot a blue car on the right?,"TypeOf(x, Car)^ColorOf(x, Blue)^InitialLocation(x, NearRight)"
Does the white car decelerate?,"TypeOf(x, Car)^ColorOf(x, White)^Decelerate(x)"
Is there a white car near the front?,"TypeOf(x, Car)^ColorOf(x, White)^InitialLocation(x, NearFront)"
Is there a blue car on the left?,"TypeOf(x, Car)^ColorOf(x, Blue)^InitialLocation(x, Left)"
Does the white car at the center move at a constant speed?,"TypeOf(x, Car)^ColorOf(x, White)^Vehicles(x)^Moving(x)^ConstantSpeed(x)^InitialLocation(x, NearFront)"
Is the person with a motorcycle on the right of the white car?,"TypeOf(x, Motorcycle)^Ride(x, y)^TypeOf(y, Car)^ColorOf(y, White)^OnRight(x, y)"
Does the brown car on the right disappear from the scene?,"TypeOf(x, Car)^ColorOf(x, Brown)^Disappear(x)"
Does the distance between the brown car and the terrain in the front decrease?,"TypeOf(x, Car)^ColorOf(x, Brown)^TypeOf(y, Terrain)^DistanceDecrease(x, y)^InitialLocation(x, NearFront)"
Can you spot a police car on the right?,"TypeOf(x, PoliceCar)^InitialLocation(x, NearRight)"
Is there a brown car on the right that disappears from the scene?,"TypeOf(x, Car)^ColorOf(x, Brown)^Disappear(x)^LastLocation(x, NearRight)"
Is there a police car at the center?,"TypeOf(x, PoliceCar)^InitialLocation(x, NearFront)"
Can you spot a pedestrian walking on the left?,"Pedestrian(x)^Walk(x)^InitialLocation(x, Left)"
Does the pedestrian disappear?,Pedestrian(x)^Disappear(x)
Does the pedestrian disappear from the scene?,Pedestrian(x)^Disappear(x)
Is there a white car at the center?,"TypeOf(x, Car)^ColorOf(x, White)^InitialLocation(x, NearFront)"
Does the white car disappear from the scene?,"TypeOf(x, Car)^ColorOf(x, White)^Disappear(x)"
Does the police car approach an intersection with traffic lights?,"TypeOf(x, PoliceCar)^IsVehicles(x)^Move(x)^InitialLocation(x, NearFront)^Trafficlight(y)^InitialLocation(y, NearFront)^ComeClose(x, y)"
Is the red truck on the right of the white car? ,"TypeOf(x, Truck)^ColorOf(x, Red)^InitialLocation(x, Right)^TypeOf(y, Car)^ColorOf(y, White)^InitialLocation(y, Left)"
Can you spot a pedestrian walking on the right of the scene?,"Pedestrian(x)^Walk(x)^InitialLocation(x, NearRight)"
Can you spot a bus near the right of the police car?,"TypeOf(x, Bus)^TypeOf(y, PoliceCar)^InitialLocation(x, NearRight)^InitialLocation(y, NearRight)"
Is there any pedestrian walking on the left?,"Pedestrian(x)^Walk(x)^InitialLocation(x, Left)"
Is the black car on the right of the white car?,"TypeOf(x, Car)^ColorOf(x, Black)^TypeOf(y, Car)^ColorOf(y, White)^InitialLocation(x, NearRight)^InitialLocation(y, NearLeft)"
Does the distance between the police car at the center and the pedestrian at the right decrease?,"TypeOf(x, PoliceCar)^TypeOf(y, Pedestrian)^InitialLocation(x, Center)^InitialLocation(y, Right)^DistanceDecrease(x, y)"
Is the person with the motorcycle on the right of the white car?,"TypeOf(x, Motorcycle)^Ride(x, y)^TypeOf(y, Car)^ColorOf(y, White)^OnRight(x, y)"
Is there a person on the left of the white car?,"TypeOf(y, Car)^ColorOf(y, White)^IsPerson(x)^InitialLocation(y, Left)^InitialLocation(x, LeftOf(y))"
Does the pedestrian walk at a constant speed and disappear?,Pedestrian(x)^FixedPace(x)^Disappear(x)
Does the pedestrian walk at a fixed pace?,Pedestrian(x)^FixedPace(x)
Does the white car at the center decelerate?,"TypeOf(x, Car)^ColorOf(x, White)^InitialLocation(x, NearFront)^Vehicles(x)^Decelerate(x)"
Does the pedestrian on the left disappear from the scene?,"Pedestrian(x)^Disappear(x)^InitialLocation(x, Left)"
Is there a motorcycle on the right?,"TypeOf(x, Motorcycle)^InitialLocation(x, NearRight)"
Does a person from the right of the scene disappear?,"IsPerson(x)^Disappear(x)^InitialLocation(x, NearRight)"
Does the pedestrian decrease the pace?,Question: Does the pedestrian decrease the pace? Answer: Yes.     Answer: Does the pedestrian decrease the pace?     Answer: Yes.     Answer: Yes.     Answer: Yes.     Answer: Yes.     Answer: Yes.     Answer: Yes.     Answer: Yes.     Answer: Yes.     Answer: Yes.     Answer: Yes.
Is there a black SUV stopped near the right?,Question: Is there a black SUV stopped near the right? Answer: No. This is a real-time query that can be used to find out what the person was driving.     Question: Is there a black SUV in the center of the highway? Answer: Yes.    Question: Is there a black SUV on the right side of the road? Answer: No.     Question: Is there a black SUV on the right side of the road? Answer: Yes.    Question: Is there a black
Does the speed of the red fire truck remain unchanged?,"TypeOf(x, Truck)^ColorOf(x, Red)^Vehicles(x)^ConstantSpeed(x)"
Is there a white car near the front?,"TypeOf(x, Car)^ColorOf(x, White)^InitialLocation(x, NearFront)"
Is there an orange van at the right of the police car?,"TypeOf(x, Van)^ColorOf(x, Orange)^InitialLocation(x, Right)^TypeOf(y, PoliceCar)^InitialLocation(y, Left)"
Is there a black SUV stopped near the right?,"TypeOf(x, SUV)^ColorOf(x, Black)^Stopped(x)^InitialLocation(x, NearRight)"
Is there a white SUV at the right whose position changes and appears at the front of the white car?,"TypeOf(x, SUV)^ColorOf(x, White)^Move(x)^InitialLocation(x, Right)^LastLocation(x, Front)^TypeOf(y, Car)^ColorOf(y, White)^InitialLocation(y, Front)^DistanceIncrease(x, y)^DistanceZeroStart(x, y)^Appear(x)"
Is there an ambulance on the left of the white car?,"TypeOf(x, Ambulance)^TypeOf(y, Car)^ColorOf(y, White)^InitialLocation(y, Left)^InitialLocation(x, Left)"
Does the police car get close to the back car on the left?,"TypeOf(x, PoliceCar)^TypeOf(y, Car)^ColorOf(y, Black)^InitialLocation(y, BackLeft)^ComeClose(x, y)"
Does the person on the right disappear from the scene?,"Pedestrian(x)^Disappear(x)^InitialLocation(x, NearRight)"
Are some pedestrians visible on the left of the white car?,"Pedestrian(x)^IsPedestrian(x)^Visible(x)^TypeOf(y, Car)^ColorOf(y, White)^OnLeft(y, x)"
Does the black SUV maintain a constant distance from the terrain at the left of the scene?,We've
Is there a white car at the center of the scene?,"TypeOf(x, Car)^ColorOf(x, White)^InitialLocation(x, NearFront)"
Is there a person visible on the left of the police car?,"TypeOf(y, PoliceCar)^IsPerson(x)^Pedestrian(x)^InitialLocation(x, NearLeft)^InitialLocation(y, NearLeft)"
Does the black car disappear from the left?,"TypeOf(x, Car)^ColorOf(x, Black)^Disappear(x)^LastLocation(x, NearLeft)"
Does a blue car disappear from the right of the screen?,"TypeOf(x, Car)^ColorOf(x, Blue)^Disappear(x)"
Is there a person riding a bicycle on the right?,"Pedestrian(x)^Ride(x, y)^TypeOf(y, Bicycle)^InitialLocation(x, Right)"
Is there a brown car at the center of the frame?,"TypeOf(x, Car)^ColorOf(x, Brown)^InitialLocation(x, NearFront)"
Can you spot a red truck on the left?,"TypeOf(x, Truck)^ColorOf(x, Red)^InitialLocation(x, NearLeft)"
Does a black car appear on the left?,"TypeOf(x, Car)^ColorOf(x, Black)^Appear(x)^InitialLocation(x, Left)"
Does the motorcycle disappear from the scene?,"TypeOf(x, Motorcycle)^Disappear(x)"
Does the distance between the police car and the black car on the left decrease?,"TypeOf(x, PoliceCar)^ColorOf(x, Black)^TypeOf(y, Car)^ColorOf(y, Black)^InitialLocation(y, Left)^DistanceDecrease(x, y)"
Does the white car move at a constant speed?,"TypeOf(x, Car)^ColorOf(x, White)^Vehicles(x)^ConstantSpeed(x)^Move(x)"
Is the a white SUV on the left?,"TypeOf(x, SUV)^ColorOf(x, White)^InitialLocation(x, Left)"
Does the black SUV maintain a constant distance from the terrain at the left of the scene?,Answer: No. The car is running when the scene is moving
Does the brown car disappear,"TypeOf(x, Car)^ColorOf(x, Brown)^Disappear(x)"
Does the police car at the center decelerate?,"TypeOf(x, PoliceCar)^ColorOf(x, Black)^InitialLocation(x, NearFront)^Decelerate(x)"
Can you spot a person on the right of the frame?,"IsPedestrian(x)^InitialLocation(x, NearRight)"
Does the police car at the center approach traffic lights at an intersection?,"TypeOf(x, PoliceCar)^InitialLocation(x, NearFront)^Trafficlight(y)^InitialLocation(y, NearFront)^Approach(x, y)"
Does the back car disappear from the scene?,"TypeOf(x, Car)^ColorOf(x, Black)^Disappear(x)"
Can you spot a gray SUV at the near-left?,"TypeOf(x, SUV)^ColorOf(x, Gray)^InitialLocation(x, NearLeft)"
Does the blue car with a white top disappear from the right side of the scene?,"TypeOf(x, Car)^ColorOf(x, Blue)^ColorOf(x, WhiteTop)^Disappear(x)^LastLocation(x, RightSide)"
Does the blue car disappear from the scene?,"TypeOf(x, Car)^ColorOf(x, Blue)^Disappear(x)"
Are there trees on the left of the white car?,"TypeOf(x, Car)^ColorOf(x, White)^TypeOf(y, Tree)^InitialLocation(y, NearLeft)^InitialLocation(x, NearLeft)"
Is there a white car at the center of the scene?,"TypeOf(x, Car)^ColorOf(x, White)^InitialLocation(x, NearFront)"
Does the pedestrian disappear from the scene?,Pedestrian(x)^Disappear(x)
Is there a police car at the center of the scene?,"TypeOf(x, PoliceCar)^InitialLocation(x, NearFront)"
Does the police car move at a constant speed?,"TypeOf(x, PoliceCar)^Vehicles(x)^ConstantSpeed(x)"
Can you spot a police car at the center of the scene?,"TypeOf(x, PoliceCar)^InitialLocation(x, NearFront)"
Is there a motorcycle on the right?,"TypeOf(x, Motorcycle)^InitialLocation(x, NearRight)"
Is there a person moving at a constant speed on the right of the scene?,"IsPedestrian(x)^Moving(x)^ConstantSpeed(x)^InitialLocation(x, Right)"
Is there a terrain on the left?,"Terrain(x)^IsTerrain(x)^InitialLocation(x, Left)"
Is the motorcycle on the right of the white car?,"TypeOf(x, Motorcycle)^TypeOf(y, Car)^ColorOf(y, White)^OnRight(x, y)"
Can you spot some cars at the front?,"TypeOf(x, Car)^Vehicles(x)^InitialLocation(x, NearFront)"
Does the location of the brown car in the scene change from front to right?,"TypeOf(x, Car)^ColorOf(x, Brown)^InitialLocation(x, Front)^LastLocation(x, Right)"
Is there a police car near the front?,"TypeOf(x, PoliceCar)^InitialLocation(x, NearFront)"
Is there a pedestrian on the right walking at a fixed pace?,"Pedestrian(x)^FixedPace(x)^InitialLocation(x, NearRight)"
Is there a white car at the center of the scene?,"TypeOf(x, Car)^ColorOf(x, White)^InitialLocation(x, NearFront)"
Does the pedestrian disappear from the scene?,Pedestrian(x)^Disappear(x)
Are there two pedestrians walking on the right?,"Pedestrian(x)^Walk(x)^InitialLocation(x, NearRight)^Pedestrian(y)^Walk(y)^InitialLocation(y, NearRight)^x!=y"
Is the pedestrian on the left of the white car?,"Pedestrian(x)^OnLeft(y)^TypeOf(y, Car)^ColorOf(y, White)"
Is the person riding a bicycle?,"Pedestrian(x)^Ride(x, y)^TypeOf(y, Bicycle)"
Does the white car decelerate?,"TypeOf(x, Car)^ColorOf(x, White)^Decelerate(x)"
Does the police car get close to an overhanging rail track?,"TypeOf(x, PoliceCar)^ComeClose(x, y)^TypeOf(y, RailTrack)^OnTop(y, Overhanging)"
Is there a black car moving at a constant speed in front of the white SUV?,"TypeOf(x, Car)^ColorOf(x, Black)^Vehicles(x)^ConstantSpeed(x)^TypeOf(y, SUV)^ColorOf(y, White)^InitialLocation(x, NearFront)^InitialLocation(y, NearFront)"
Does the speed of the firetruck remain unchanged?,"TypeOf(x, FireTruck)^Vehicles(x)^ConstantSpeed(x)"
Does the pedestrian disappear from the scene?,Pedestrian(x)^Disappear(x)
Is there a black SUV on the right?,"TypeOf(x, SUV)^ColorOf(x, Black)^InitialLocation(x, NearRight)"
Is there a white car at the center of the frame?,"TypeOf(x, Car)^ColorOf(x, White)^InitialLocation(x, NearFront)"
Does the white car at the center decelerate?,"TypeOf(x, Car)^ColorOf(x, White)^InitialLocation(x, NearFront)^Decelerate(x)"
Can you spot a bus on the left?,"TypeOf(x, Bus)^InitialLocation(x, NearLeft)"
Is the speed of the black car changing?,"TypeOf(x, Car)^ColorOf(x, Black)^Vehicles(x)^ConstantSpeed(x)"
Is there a pedestrian walking at a fixed pace on the right?,"Pedestrian(x)^FixedPace(x)^InitialLocation(x, Right)"
Do the speeds of the vehicles on the right remain unchanged?,Vehicles(x)^NotAccelerate(x)^NotDecelerate(x)^ConstantSpeed(x)
Can you spot a pedestrian on the right of the white car?,"Pedestrian(x)^OnRight(y)^TypeOf(y, Car)^ColorOf(y, White)"
"Does any pedestrian disappear from near the left, reducing the walking speed?","Pedestrian(x)^Disappear(x)^InitialLocation(x, NearLeft)^Walk(x)^NotIncreasePace(x)"
Does the police car decelerate?,"TypeOf(x, PoliceCar)^Decelerate(x)"
Can you spot some pedestrians on the left who disappear from the scene?,"Pedestrian(x)^Disappear(x)^InitialLocation(x, NearLeft)"
Is there a white car at the center of the scene?,"TypeOf(x, Car)^ColorOf(x, White)^InitialLocation(x, NearFront)"
Does the police car come close to the bus?,"TypeOf(x, PoliceCar)^TypeOf(y, Bus)^ComeClose(x, y)"
Does the left truck disappear from the scene?,"TypeOf(x, Truck)^ColorOf(x, None)^Disappear(x)"
Does the pedestrian disappear from the scene?,Pedestrian(x)^Disappear(x)
Can you spot a blue car in front of the police car?,"TypeOf(x, Car)^ColorOf(x, Blue)^InitialLocation(x, NearFront)^TypeOf(y, PoliceCar)^InitialLocation(y, NearFront)"
Does the speed of the brown car remain unchanged?,"TypeOf(x, Car)^ColorOf(x, Brown)^ConstantSpeed(x)"
Is the police car at the center moving at a constant speed?,"TypeOf(x, PoliceCar)^ConstantSpeed(x)^InitialLocation(x, NearFront)"
Does the brown car maintain a constant distance from the terrain?,"TypeOf(x, Car)^ColorOf(x, Brown)^Vehicles(x)^ConstantSpeed(x)^IsVehicles(x)^Terrain(y)^ConstantDistance(x, y)"
Does the person with the motorcycle disappear from the left?,"TypeOf(x, Motorcycle)^Pedestrian(x)^Disappear(x)^InitialLocation(x, Left)"
Does the white cor move at a constant speed?,"TypeOf(x, Car)^ColorOf(x, White)^Vehicles(x)^ConstantSpeed(x)"
Does the red track disappear from the scene?,"TypeOf(x, Truck)^ColorOf(x, Red)^Disappear(x)"
Does the red car at the near-left move at a constant speed and disappear from the scene?,"TypeOf(x, Car)^ColorOf(x, Red)^Vehicles(x)^ConstantSpeed(x)^Disappear(x)^InitialLocation(x, NearLeft)"
Does the gray SUV disappear from the scene?,"TypeOf(x, SUV)^ColorOf(x, Gray)^Disappear(x)"
Are there some vehicles on the right of the white car?,"TypeOf(x, Car)^ColorOf(x, White)^InitialLocation(x, position)^Vehicles(y)^RightOf(y, x)"
Are there some vehicles at the front of the white car?,"TypeOf(x, Car)^ColorOf(x, White)^Vehicles(y)^TypeOf(y, Car)^InitialLocation(y, FrontOf)^InitialLocation(x, Front)"
Does the pedestrian walk at a constant speed and disappear?,Pedestrian(x)^Walk(x)^FixedPace(x)^Disappear(x)
Is there a yellow car with a black top at near right?,"TypeOf(x, Car)^ColorOf(x, Yellow)^ColorOf(x, Black)^InitialLocation(x, NearRight)"
Is there a black car on the left of the scene?,"TypeOf(x, Car)^ColorOf(x, Black)^InitialLocation(x, Left)"
Can you spot a motorcycle at the near-left?,"TypeOf(x, Motorcycle)^InitialLocation(x, NearLeft)"
Does the motorcycle disappear from the left?,"TypeOf(x, Motorcycle)^Disappear(x)^LastLocation(x, Left)"
Does the police car at the center move at a constant speed?,"TypeOf(x, PoliceCar)^ConstantSpeed(x)^InitialLocation(x, NearFront)"
Does the motorcycle disappear from the scene?,"TypeOf(x, Motorcycle)^Disappear(x)"
Does the police car get closer to the blue car on the left?,"TypeOf(x, PoliceCar)^ColorOf(x, Black)^TypeOf(y, Car)^ColorOf(y, Blue)^InitialLocation(y, Left)^DistanceDecrease(x, y)"
Can you see any person on the left?,"IsPedestrian(x)^InitialLocation(x, NearLeft)"
Is there any pedestrian walking on the right side of the scene?,"Pedestrian(x)^Walk(x)^InitialLocation(x, NearRight)"
Can you spot a black car on the right?,"TypeOf(x, Car)^ColorOf(x, Black)^InitialLocation(x, NearRight)"
Does the SUV disappear from the scene?,"TypeOf(x, SUV)^Disappear(x)"
Can you spot a person riding the motorcycle?,"Pedestrian(y)^Ride(y, x)^TypeOf(x, Motorcycle)"
Can you spot any pedestrian near the left?,"Pedestrian(x)^InitialLocation(x, NearLeft)"
Does the police car get close to traffic lights at an intersection?,"TypeOf(x, PoliceCar)^IsPoliceCar(x)^Vehicles(x)^IsVehicles(x)^InitialLocation(x, NearFront)^Trafficlight(y)^IsTrafficlight(y)^InitialLocation(y, NearFront)^ComeClose(x, y)"
Does the police car on the right disappear from the scene?,"TypeOf(x, PoliceCar)^ColorOf(x, Black)^Disappear(x)"
Is there a white car at the center of the scene?,"TypeOf(x, Car)^ColorOf(x, White)^InitialLocation(x, NearFront)"
Is there a motorcycle on the left?,"TypeOf(x, Motorcycle)^InitialLocation(x, NearLeft)"
Is there a white car at the center of the scene?,"TypeOf(x, Car)^ColorOf(x, White)^InitialLocation(x, NearFront)"
Does the distance between the white car and the grey truck decrease?,"TypeOf(x, Car)^ColorOf(x, White)^TypeOf(y, Truck)^ColorOf(y, Gray)^DistanceDecrease(x, y)"
Can you spot a police car at the center?,"TypeOf(x, PoliceCar)^InitialLocation(x, NearFront)"
Does the person disappear from the scene?,IsPedestrian(x)^Disappear(x)
Can you spot a person on the right of the white car that is at the center of the scene?,"TypeOf(y, Car)^ColorOf(y, White)^InitialLocation(y, Center)^Pedestrian(x)^InitialLocation(x, Right)^IsPerson(x)"
Is the person moving at a constant speed?,Pedestrian(x)^ConstantSpeed(x)
Is there a white car at the center of the scene?,"TypeOf(x, Car)^ColorOf(x, White)^InitialLocation(x, NearFront)"
Is there another car on the right of the police car?,"TypeOf(x, Car)^ColorOf(x, OtherColor)^TypeOf(y, PoliceCar)^InitialLocation(y, Right)^InitialLocation(x, RightOf(y))"
Does the speed of the white car remain unchanged?,"TypeOf(x, Car)^ColorOf(x, White)^Vehicles(x)^ConstantSpeed(x)"
Does the position of the black car change from right to front due to camera movement?,"TypeOf(x, Car)^ColorOf(x, Black)^InitialLocation(x, Right)^LastLocation(x, Front)"
Is there a gray SUV on the right of the police car?,"TypeOf(x, SUV)^ColorOf(x, Gray)^TypeOf(y, PoliceCar)^InitialLocation(x, Right)^InitialLocation(y, NearRight)"
Does the pedestrian move to the left and disappear?,"Pedestrian(x)^Move(x)^InitialLocation(x, Left)^Disappear(x)"
Is there a pedestrian at the right of the white car?,"Pedestrian(x)^IsPedestrian(x)^TypeOf(y, Car)^ColorOf(y, White)^InitialLocation(y, RightOf)^InitialLocation(x, RightOf)"
Does the police car at the center decelerate?,"TypeOf(x, PoliceCar)^ColorOf(x, Black)^InitialLocation(x, NearFront)^Decelerate(x)"
Does the blue car disappear from the scene?,"TypeOf(x, Car)^ColorOf(x, Blue)^Disappear(x)"
Is there a building on the right of the white car?,"TypeOf(x, Building)^InitialLocation(x, Right)^TypeOf(y, Car)^ColorOf(y, White)^InitialLocation(y, Left)"
Does the police car get close to the pedestrian on the left?,"TypeOf(x, PoliceCar)^TypeOf(y, Pedestrian)^InitialLocation(y, OnLeft)^ComeClose(x, y)"
Does a motorcycle also disappear from the scene with the person on the left?,"Motorcycle(x)^Pedestrian(y)^Ride(y, x)^Disappear(x)"
Does the police car at the center come closer to the white SUV at the right?,"TypeOf(x, PoliceCar)^ColorOf(x, Black)^InitialLocation(x, NearFront)^TypeOf(y, SUV)^ColorOf(y, White)^InitialLocation(y, NearRight)^ComeClose(x, y)"
Does the police car get close to the traffic lights at an intersection?,"TypeOf(x, PoliceCar)^ComeClose(x, y)^Trafficlight(y)^InitialLocation(x, NearFront)^InitialLocation(y, NearFront)"
Does the gray SUV disappear from the scene?,"TypeOf(x, SUV)^ColorOf(x, Gray)^Disappear(x)"
Is there a gray van on the right moving at a constant speed?,"TypeOf(x, Van)^ColorOf(x, Gray)^Vehicles(x)^ConstantSpeed(x)^InitialLocation(x, Right)"
Can you spot a police car at the front?,"TypeOf(x, PoliceCar)^InitialLocation(x, NearFront)"
Does the person on the left disappear from the scene?,"Pedestrian(x)^Disappear(x)^InitialLocation(x, Left)"
Does the black car on the right maintain constant speed?,"TypeOf(x, Car)^ColorOf(x, Black)^Vehicles(x)^ConstantSpeed(x)^InitialLocation(x, Right)"
Does the police car go away from the brown car?,"TypeOf(x, PoliceCar)^ColorOf(x, Black)^TypeOf(y, Car)^ColorOf(y, Brown)^GoAway(x, y)"
Can you spot a person on the left?,"IsPedestrian(x)^InitialLocation(x, Left)"
Is there a white car at the center of the scene?,"TypeOf(x, Car)^ColorOf(x, White)^InitialLocation(x, NearFront)"
Can you spot another car that appears on the right?,"TypeOf(x, Car)^ColorOf(x, AnyColor)^InitialLocation(x, NearRight)"
Is there a pedestrian on the left?,"Pedestrian(x)^InitialLocation(x, Left)"
Can you spot a blue car at the front?,"TypeOf(x, Car)^ColorOf(x, Blue)^InitialLocation(x, NearFront)"
Does the person ride a bicycle?,"Pedestrian(x)^Ride(x, y)^TypeOf(y, Bicycle)"
Does the white car move at a constant speed?,"TypeOf(x, Car)^ColorOf(x, White)^Vehicles(x)^Move(x)^ConstantSpeed(x)"
Is there police at the front?,"TypeOf(x, PoliceCar)^InitialLocation(x, NearFront)"
Is there a white car at the center of the scene?,"TypeOf(x, Car)^ColorOf(x, White)^InitialLocation(x, NearFront)"
Does the police car at the center come close to the black car on the left?,"TypeOf(x, PoliceCar)^ColorOf(x, Black)^InitialLocation(x, NearFront)^TypeOf(y, Car)^ColorOf(y, Black)^InitialLocation(y, NearLeft)^ComeClose(x, y)"
Does the pedestrian walk at a fixed pace?,Pedestrian(x)^FixedPace(x)
Is there a motorcycle moving at a constant speed in front of the police car?,"TypeOf(x, Motorcycle)^Vehicles(x)^ConstantSpeed(x)^TypeOf(y, PoliceCar)^InitialLocation(x, FrontOf)^InitialLocation(y, Front)"
Can you spot another police car at the front?,"TypeOf(x, PoliceCar)^ColorOf(x, Black)^InitialLocation(x, NearFront)"
Is there a white car near the front?,"TypeOf(x, Car)^ColorOf(x, White)^InitialLocation(x, NearFront)"
Does the brown car disappear from the scene?,"TypeOf(x, Car)^ColorOf(x, Brown)^Disappear(x)"
Is there a pedestrian walking at a fixed pace on the right?,"Pedestrian(x)^Walk(x)^FixedPace(x)^InitialLocation(x, NearRight)"
Does the white car at the center come close to the blue and white cars that are at the left?,"TypeOf(x, Car)^ColorOf(x, White)^InitialLocation(x, NearFront)^TypeOf(y, Car)^ColorOf(y, Blue)^ColorOf(y, White)^InitialLocation(y, NearLeft)^ComeClose(x, y)^TypeOf(z, Car)^ColorOf(z, Blue)^ColorOf(z, White)^InitialLocation(z, NearLeft)^ComeClose(x, z)"
Is there a black car on the right of the scene?,"TypeOf(x, Car)^ColorOf(x, Black)^InitialLocation(x, Right)"
Does the police car decelerate?,"TypeOf(x, PoliceCar)^Decelerate(x)"
Is there a brown car at the center of the frame?,"TypeOf(x, Car)^ColorOf(x, Brown)^InitialLocation(x, NearFront)"
Does the police car at the center get close to the brown car?,"TypeOf(x, PoliceCar)^ColorOf(x, Black)^InitialLocation(x, NearFront)^TypeOf(y, Car)^ColorOf(y, Brown)^ComeClose(x, y)"
Does the white car move at a constant speed?,"TypeOf(x, Car)^ColorOf(x, White)^Vehicles(x)^Move(x)^ConstantSpeed(x)"
Is there a black SUV stopped near the right?,
Can you spot a brown car at the left of the scene?,"TypeOf(x, Car)^ColorOf(x, Brown)^InitialLocation(x, Left)"
Does the brown car decelerate?,"TypeOf(x, Car)^ColorOf(x, Brown)^Decelerate(x)"
Can you spot a white car moving at a constant speed at the left corner of the scene?,"TypeOf(x, Car)^ColorOf(x, White)^Vehicles(x)^Move(x)^ConstantSpeed(x)^InitialLocation(x, LeftCorner)"
Does the speed of the ambulance remain unchanged?,"TypeOf(x, Ambulance)^Vehicles(x)^NotAccelerate(x)^NotDecelerate(x)^ConstantSpeed(x)"
Are there some vehicles on the right of the white car?,"TypeOf(x, Car)^ColorOf(x, White)^TypeOf(y, Car)^ColorOf(y, White)^InitialLocation(y, Right)^ Vehicles(y)"
Can you spot a pedestrian on the right?,"Pedestrian(x)^InitialLocation(x, Right)"
Does the brown car move at a constant speed?,"TypeOf(x, Car)^ColorOf(x, Brown)^Vehicles(x)^ConstantSpeed(x)"
Does the white SUV disappear from the scene?,"TypeOf(x, SUV)^ColorOf(x, White)^Disappear(x)"
Are there pedestrians in front of the white car?,"TypeOf(y, Car)^ColorOf(y, White)^Pedestrian(x)^InitialLocation(x, NearFront)^InitialLocation(y, NearFront)"
Can you spot a brown car on the left?,"TypeOf(x, Car)^ColorOf(x, Brown)^InitialLocation(x, Left)"
Is there a black car on the left?,"TypeOf(x, Car)^ColorOf(x, Black)^InitialLocation(x, Left)"
Does a pedestrian disappear from the scene from near the left?,"Pedestrian(x)^Disappear(x)^InitialLocation(x, NearLeft)"
Is there a brown car near the left of the police car?,"TypeOf(x, Car)^ColorOf(x, Brown)^InitialLocation(x, NearLeft)^TypeOf(y, PoliceCar)^InitialLocation(y, NearLeft)"
Can you spot a white car at the near-right corner of the scene?,"TypeOf(x, Car)^ColorOf(x, White)^InitialLocation(x, NearRight)"
Is there a white car near the right of the police car?,"TypeOf(x, Car)^ColorOf(x, White)^InitialLocation(x, NearRight)^TypeOf(y, PoliceCar)^InitialLocation(y, NearRight)"
Are there some cars visible on the right?,"TypeOf(x, Car)^IsVehicles(x)^Vehicles(x)^Move(x)^InitialLocation(x, NearRight)"
Does the distance between the police car and the brown car decrease?,"TypeOf(x, PoliceCar)^TypeOf(y, Car)^ColorOf(y, Brown)^DistanceDecrease(x, y)"
Is the gray SUV accelerating?,"TypeOf(x, SUV)^ColorOf(x, Gray)^Vehicles(x)^Accelerate(x)"
Can you spot a pedestrian walking on the right?,"Pedestrian(x)^Walk(x)^InitialLocation(x, NearRight)"
Is there a white car at the center of the scene?,"TypeOf(x, Car)^ColorOf(x, White)^InitialLocation(x, NearFront)"
Is there a motorcycle on the left of the police car?,"TypeOf(x, Motorcycle)^TypeOf(y, PoliceCar)^InitialLocation(x, Left)^InitialLocation(y, NearLeft)"
Can you spot a back car on the left?,"TypeOf(x, Car)^ColorOf(x, Black)^InitialLocation(x, Left)"
Is there a white car at the center of the scene?,"TypeOf(x, Car)^ColorOf(x, White)^InitialLocation(x, NearFront)"
Is there a terrain on the left?,"IsTerrain(x)^InitialLocation(x, NearLeft)"
Can you spot a brown car on the right?,"TypeOf(x, Car)^ColorOf(x, Brown)^InitialLocation(x, NearRight)"
Is there a white car near the front?,"TypeOf(x, Car)^ColorOf(x, White)^InitialLocation(x, NearFront)"
Is there a brown car moving at a constant speed on the right?,"TypeOf(x, Car)^ColorOf(x, Brown)^Vehicles(x)^ConstantSpeed(x)^InitialLocation(x, Right)"
Does the pedestrian disappear from the scene?,Pedestrian(x)^Disappear(x)
Does a black car disappear from near the right?,"TypeOf(x, Car)^ColorOf(x, Black)^Disappear(x)^InitialLocation(x, NearRight)"
Is there a brown car at the center of the frame?,"TypeOf(x, Car)^ColorOf(x, Brown)^InitialLocation(x, NearFront)"
Can you spot a person riding a motorcycle at the front?,"Pedestrian(y)^Ride(y, x)^TypeOf(x, Motorcycle)^InitialLocation(y, NearFront)"
Can you spot any pedestrian near the right walking at a fixed pace?,"Pedestrian(x)^FixedPace(x)^Walk(x)^InitialLocation(x, NearRight)"
Does the white car move at a constant speed?,"TypeOf(x, Car)^ColorOf(x, White)^Vehicles(x)^ConstantSpeed(x)^Move(x)"
Is there a white car at the center of the scene?,"TypeOf(x, Car)^ColorOf(x, White)^InitialLocation(x, NearFront)"
Is the police car moving at a constant speed?,"TypeOf(x, PoliceCar)^Vehicles(x)^ConstantSpeed(x)"
Does the pedestrian walk at a fixed pace?,Pedestrian(x)^FixedPace(x)
Can you spot a Mini Cooper on the left?,"TypeOf(x, MiniCooper)^InitialLocation(x, NearLeft)"
Does the position of the ambulance change from front to left due to the camera movement?,"TypeOf(x, Ambulance)^InitialLocation(x, Front)^LastLocation(x, Left)"
Does the police car come closer to the black SUV?,"TypeOf(x, PoliceCar)^ColorOf(x, Black)^TypeOf(y, SUV)^ColorOf(y, Black)^ComeClose(x, y)"
Does the pedestrian disappear from the scene?,Pedestrian(x)^Disappear(x)
Does the firetruck disappear from the scene?,"TypeOf(x, FireTruck)^Disappear(x)"
Does the black car accelerate?,"TypeOf(x, Car)^ColorOf(x, Black)^Accelerate(x)"
Is there a pedestrian walking on the right?,"Pedestrian(x)^Walk(x)^InitialLocation(x, NearRight)"
Is there a white car at the center of the scene?,"TypeOf(x, Car)^ColorOf(x, White)^InitialLocation(x, NearFront)"
Is there a white car at the center of the scene?,"TypeOf(x, Car)^ColorOf(x, White)^InitialLocation(x, NearFront)"
Does the white car at the center of the scene come close to a police car at the right of the scene?,"TypeOf(x, Car)^ColorOf(x, White)^InitialLocation(x, Center)^TypeOf(y, PoliceCar)^InitialLocation(y, Right)^ComeClose(x, y)"
Can you spot a police car at the center?,"TypeOf(x, PoliceCar)^InitialLocation(x, NearFront)"
Are there some pedestrians on the left?,"Pedestrian(x)^InitialLocation(x, Left)"
Does the white car move at a constant speed?,"TypeOf(x, Car)^ColorOf(x, White)^Vehicles(x)^ConstantSpeed(x)^Move(x)"
Does the white car maintain constant speed?,"TypeOf(x, Car)^ColorOf(x, White)^Vehicles(x)^ConstantSpeed(x)"
Does the black car disappear from the scene?,"TypeOf(x, Car)^ColorOf(x, Black)^Disappear(x)"
Are there trees on the right of the white car?,"TypeOf(x, Car)^ColorOf(x, White)^IsVehicles(x)^Vegetation(y)^IsTree(y)^InitialLocation(y, RightOf)^InitialLocation(x, Right)"
Does the person disappear from the scene?,IsPerson(x)^Disappear(x)
Are there some vehicles on the right?,Vehicles(x)^OnRight(x)
Does the brown car disappear from the scene?,"TypeOf(x, Car)^ColorOf(x, Brown)^Disappear(x)"
Can you spot a police car at the front?,"TypeOf(x, PoliceCar)^InitialLocation(x, NearFront)"
Does the police car get closer to the black car on the right?,"TypeOf(x, PoliceCar)^ColorOf(x, Black)^TypeOf(y, Car)^ColorOf(y, Black)^InitialLocation(x, Right)^ComeClose(x, y)"
Can you spot a pedestrian walking near the left at a fixed pace?,"Pedestrian(x)^Walk(x)^FixedPace(x)^InitialLocation(x, NearLeft)"
Is there a white SUV at the right whose position changes and appears at the front?,"TypeOf(x, SUV)^ColorOf(x, White)^Vehicles(x)^Moving(x)^InitialLocation(x, Right)^LastLocation(x, Front)"
Does a car appear on the left of the scene and stay there throughout the frames?,"TypeOf(x, Car)^IsVehicles(x)^Move(x)^ConstantSpeed(x)^InitialLocation(x, NearLeft)^LastLocation(x, NearLeft)"
Is there a police car near the front of the scene?,"TypeOf(x, PoliceCar)^InitialLocation(x, NearFront)"
Does the police car move at a constant speed?,"TypeOf(x, PoliceCar)^Vehicles(x)^ConstantSpeed(x)"
Can you spot a pedestrian walking near the left?,"Pedestrian(x)^Walk(x)^InitialLocation(x, NearLeft)"
Can you spot a brown car at the front of the police car in the initial frames?,"TypeOf(x, Car)^ColorOf(x, Brown)^InitialLocation(x, NearFront)^TypeOf(y, PoliceCar)^InitialLocation(y, NearFront)"
Does the police car move at a constant speed?,"TypeOf(x, PoliceCar)^Vehicles(x)^ConstantSpeed(x)"
Is there a person riding a bike on the right?,"Pedestrian(x)^Ride(x, y)^TypeOf(y, Bicycle)^InitialLocation(x, Right)"
Does the white car move at a constant speed?,"TypeOf(x, Car)^ColorOf(x, White)^Vehicles(x)^Move(x)^ConstantSpeed(x)"
Does the person disappear from the scene?,IsPedestrian(x)^Disappear(x)
Is there a white car at the center of the scene?,"TypeOf(x, Car)^ColorOf(x, White)^InitialLocation(x, NearFront)"
Does the brown SUV disappear from the scene?,"TypeOf(x, SUV)^ColorOf(x, Brown)^Disappear(x)"
Does the white car accelerate?,"TypeOf(x, Car)^ColorOf(x, White)^Accelerate(x)"
Are the pedestrians on the left of the white car?,"Pedestrian(x)^TypeOf(y, Car)^ColorOf(y, White)^InitialLocation(y, Left)^InitialLocation(x, Left)"
Is there a person on the right?,"IsPedestrian(x)^InitialLocation(x, Right)"
Does the brown car on the right get close to the police car?,"TypeOf(x, Car)^ColorOf(x, Brown)^InitialLocation(x, NearRight)^TypeOf(y, PoliceCar)^ComeClose(x, y)"
Can you also spot a motorcycle on the left of the scene moving at a constant speed?,"TypeOf(x, Motorcycle)^Vehicles(x)^Moving(x)^ConstantSpeed(x)^InitialLocation(x, Left)"
Is there a pedestrian walking on the left?,"Pedestrian(x)^Walk(x)^InitialLocation(x, Left)"
Is the brown car accelerating?,"TypeOf(x, Car)^ColorOf(x, Brown)^Accelerate(x)"
Is there a red truck on the left?,"TypeOf(x, Truck)^ColorOf(x, Red)^InitialLocation(x, NearLeft)"
Does the police car accelerate?,"TypeOf(x, PoliceCar)^Vehicles(x)^Accelerate(x)"
Does the brown car on the right disappear from the scene?,"TypeOf(x, Car)^ColorOf(x, Brown)^Disappear(x)"
Does the white van on the left disappear from the scene?,"TypeOf(x, Van)^ColorOf(x, White)^Disappear(x)"
Does the white car maintain constant speed?,"TypeOf(x, Car)^ColorOf(x, White)^Vehicles(x)^ConstantSpeed(x)"
Does the gray car on the right stay there and maintain constant speed?,"TypeOf(x, Car)^ColorOf(x, Gray)^Vehicles(x)^ConstantSpeed(x)^InitialLocation(x, Right)"
Is the police car moving at a constant speed?,"TypeOf(x, PoliceCar)^Vehicles(x)^ConstantSpeed(x)"
Does the blue car disappear from the scene?,"TypeOf(x, Car)^ColorOf(x, Blue)^Disappear(x)"
Is there a white car at the center of the frame?,"TypeOf(x, Car)^ColorOf(x, White)^InitialLocation(x, NearFront)"
Are there some vehicles at the front of the white car?,"TypeOf(x, Car)^ColorOf(x, White)^InitialLocation(x, Front)^Vehicles(y)^InitialLocation(y, FrontOf(x))^TypeOf(y, Car)^ColorOf(y, White)"
Is there a black car on the left?,"TypeOf(x, Car)^ColorOf(x, Black)^InitialLocation(x, Left)"
Does the yellow car decelerate?,"TypeOf(x, Car)^ColorOf(x, Yellow)^Decelerate(x)"
Is there a pedestrian walking at a fixed pace on the left?,"Pedestrian(x)^Walk(x)^FixedPace(x)^InitialLocation(x, Left)"
Can you spot a pedestrian walking on the right?,"Pedestrian(x)^Walk(x)^InitialLocation(x, NearRight)"
Is there a police car at the center moving at a constant speed?,"TypeOf(x, PoliceCar)^Vehicles(x)^ConstantSpeed(x)^InitialLocation(x, NearFront)"
Does the white car decelerate?,"TypeOf(x, Car)^ColorOf(x, White)^Decelerate(x)"
Is there a pedestrian walking at a fixed pace on the right of the white car?,"Pedestrian(x)^FixedPace(x)^InitialLocation(x, NearRight)^TypeOf(y, Car)^ColorOf(y, White)^InitialLocation(y, NearRight)"
Is there a black car on the left?,"TypeOf(x, Car)^ColorOf(x, Black)^InitialLocation(x, Left)"
Are there two cars on the right of the police car that disappear from the scene?,"TypeOf(x, Car)^ColorOf(x, Any)^Disappear(x)^TypeOf(y, PoliceCar)^InitialLocation(y, Any)^InitialLocation(x, RightOf)^RightOf(x, y)"
Can you spot a pedestrian walking near the left?,"Pedestrian(x)^Walk(x)^InitialLocation(x, NearLeft)"
Can you spot a police car?,"TypeOf(x, PoliceCar)"
Is there an SUV on the right?,"TypeOf(x, SUV)^InitialLocation(x, NearRight)"
Does the black car on the left disappear from the scene?,"TypeOf(x, Car)^ColorOf(x, Black)^Disappear(x)"
Is there a brown car at the center of the frame?,"TypeOf(x, Car)^ColorOf(x, Brown)^InitialLocation(x, NearFront)"
Can you spot a white SUV on the left?,"TypeOf(x, SUV)^ColorOf(x, White)^InitialLocation(x, NearLeft)"
Does the police car at the center come close to the black car at the right? ,"TypeOf(x, PoliceCar)^ColorOf(x, Black)^InitialLocation(x, NearFront)^TypeOf(y, Car)^ColorOf(y, Black)^InitialLocation(y, NearRight)^ComeClose(x, y)"
Can you spot a brown car on the right side of the scene?,"TypeOf(x, Car)^ColorOf(x, Brown)^InitialLocation(x, NearRight)"
Can you spot a yellow car on the left?,"TypeOf(x, Car)^ColorOf(x, Yellow)^InitialLocation(x, NearLeft)"
Can you spot a person moving at a constant speed on the left of the police car?,"IsPedestrian(x)^Move(x)^ConstantSpeed(x)^TypeOf(y, PoliceCar)^InitialLocation(x, LeftOf)^InitialLocation(y, PoliceCarPosition)"
Does the pedestrian on the right disappear from the scene?,"Pedestrian(x)^Disappear(x)^LastLocation(x, Right)"
Does the white van move at a constant speed?,"TypeOf(x, Van)^ColorOf(x, White)^Vehicles(x)^ConstantSpeed(x)"
Is the police car at the center moving at a constant speed?,"TypeOf(x, PoliceCar)^ColorOf(x, Black)^InitialLocation(x, NearFront)^Vehicles(x)^Moving(x)^ConstantSpeed(x)"
Does the motorcycle disappear from the right?,"TypeOf(x, Motorcycle)^Disappear(x)^LastLocation(x, Right)"
Can you spot a police car at the center?,"TypeOf(x, PoliceCar)^InitialLocation(x, NearFront)"
Does the police car at the center move at a constant speed?,
Does the mini cooper disappear from the left?,"TypeOf(x, MiniCooper)^Disappear(x)^LastLocation(x, NearLeft)"
Does the white car move at a constant speed?,"TypeOf(x, Car)^ColorOf(x, White)^Vehicles(x)^ConstantSpeed(x)"
Does the police car get close to the pedestrian on the left?,"TypeOf(x, PoliceCar)^TypeOf(y, Pedestrian)^InitialLocation(y, OnLeft)^ComeClose(x, y)"
Are there trees on the right of the white car?,"TypeOf(x, Car)^ColorOf(x, White)^InitialLocation(x,?)^TypeOf(y, Tree)^InitialLocation(y, RightOf(x))"
Can you spot a pole on the left side of the scene?,"IsPole(x)^InitialLocation(x, NearLeft)"
Is the grey truck on the right of the white car?,"TypeOf(x, Truck)^ColorOf(x, Gray)^TypeOf(y, Car)^ColorOf(y, White)^InitialLocation(x, Right)^InitialLocation(y, Left)"
Can you spot a blue car on the far left?,"TypeOf(x, Car)^ColorOf(x, Blue)^InitialLocation(x, FarLeft)"
Can you spot a pedestrian walking at a fixed pace near the left?,"Pedestrian(x)^Walk(x)^FixedPace(x)^InitialLocation(x, NearLeft)"
Does a white van appear from the left of the scene?,"TypeOf(x, Van)^ColorOf(x, White)^Appear(x)^InitialLocation(x, NearLeft)"
Does the car on the right go away from the brown car that is at the center of the frame?,"TypeOf(x, Car)^ColorOf(x, White)^InitialLocation(x, Right)^TypeOf(y, Car)^ColorOf(y, Brown)^InitialLocation(y, NearFront)^GoAway(x, y)"
Does the white car accelerate?,"TypeOf(x, Car)^ColorOf(x, White)^Vehicles(x)^Accelerate(x)"
Is there a motorcycle on the left?,"TypeOf(x, Motorcycle)^InitialLocation(x, Left)"
Does the police car move at a constant speed and get close to traffic lights?,"TypeOf(x, PoliceCar)^ConstantSpeed(x)^IsVehicles(x)^Move(x)^InitialLocation(x, NearTrafficLight)^ComeClose(x, y)^Trafficlight(y)"
Can you spot a person at the near-left of the police car?,"IsPedestrian(x)^InitialLocation(x, NearLeft)^TypeOf(y, PoliceCar)^InitialLocation(y, NearLeft)"
Is there a brown car on the right of the scene?,"TypeOf(x, Car)^ColorOf(x, Brown)^InitialLocation(x, NearRight)"
Let's start by examining the right side of the scene. Can you spot a white SUV in this area?,"TypeOf(x, SUV)^ColorOf(x, White)^InitialLocation(x, NearRight)"
Is there a police car at the center?,"TypeOf(x, PoliceCar)^InitialLocation(x, NearFront)"
Does the blue and white car at the left move at a constant speed and disappear?,"TypeOf(x, Car)^ColorOf(x, Blue)^ColorOf(x, White)^ConstantSpeed(x)^Disappear(x)"
Can you spot a pedestrian making their way from the left side of the scene?,Question: Can you spot a pedestrian making their way from the right side
Does a black car on the right disappear from the scene?,"TypeOf(x, Car)^ColorOf(x, Black)^Disappear(x)"
Can you see any pedestrians in front of the white car?,"TypeOf(y, Car)^ColorOf(y, White)^TypeOf(x, Pedestrian)^InitialLocation(x, NearFront)^InitialLocation(y, NearFront)"
Is there a white car at the center of the scene?,"TypeOf(x, Car)^ColorOf(x, White)^InitialLocation(x, NearFront)"
Does the white car disappear from the scene?,"TypeOf(x, Car)^ColorOf(x, White)^Disappear(x)"
Is there a white car at the center of the scene?,"TypeOf(x, Car)^ColorOf(x, White)^InitialLocation(x, NearFront)"
Does a red SUV disappear from the right?,"TypeOf(x, SUV)^ColorOf(x, Red)^Disappear(x)^LastLocation(x, NearRight)"
Is there a yellow car visible at the left of the scene?,"TypeOf(x, Car)^ColorOf(x, Yellow)^InitialLocation(x, NearLeft)"
Does the police car at the center of the scene get close to the SUV?,"TypeOf(x, PoliceCar)^ColorOf(x, Black)^InitialLocation(x, NearFront)^TypeOf(y, SUV)^ComeClose(x, y)"
Is there a brown car at the center of the frame?,"TypeOf(x, Car)^ColorOf(x, Brown)^InitialLocation(x, NearFront)"
Does the motorcycle move at a constant velocity?,"TypeOf(x, Motorcycle)^Vehicles(x)^ConstantSpeed(x)^Move(x)"
Is there an orange bus at the right of the scene?,"TypeOf(x, Bus)^ColorOf(x, Orange)^InitialLocation(x, NearRight)"
Does the police car accelerate?,"TypeOf(x, PoliceCar)^Vehicles(x)^Accelerate(x)"
Does the white car move at a constant speed?,"TypeOf(x, Car)^ColorOf(x, White)^Vehicles(x)^ConstantSpeed(x)^Move(x)"
Does the brown move at a constant speed?,"TypeOf(x, Vehicles)^ColorOf(x, Brown)^ConstantSpeed(x)"
Is the distance between the person and the brown car constant?,"Pedestrian(y)^TypeOf(x, Car)^ColorOf(x, Brown)^ConstantDistance(x, y)"
Can you spot a person on a motorcycle at the front?,"Pedestrian(y)^Ride(y, x)^TypeOf(x, Motorcycle)^InitialLocation(y, NearFront)"
Is there a pedestrian at the front of the white car?,"TypeOf(y, Car)^ColorOf(y, White)^Pedestrian(x)^InitialLocation(x, NearFront)^InitialLocation(y, NearFront)"
Does the white car decelerate?,"TypeOf(x, Car)^ColorOf(x, White)^Decelerate(x)"
Can you spot a pedestrian on the left?,"Pedestrian(x)^InitialLocation(x, Left)"
Does the car move at a constant speed?,"TypeOf(x, Car)^Vehicles(x)^ConstantSpeed(x)"
Is there a white car near the front?,"TypeOf(x, Car)^ColorOf(x, White)^InitialLocation(x, NearFront)"
Does the police car at the center come close to the gray car on the right?,"TypeOf(x, PoliceCar)^ColorOf(x, Black)^InitialLocation(x, NearFront)^TypeOf(y, Car)^ColorOf(y, Gray)^InitialLocation(y, NearRight)^ComeClose(x, y)"
Can you spot a white SUV on the left?,"TypeOf(x, SUV)^ColorOf(x, White)^InitialLocation(x, NearLeft)"
Does the position of the pedestrian in the frame change from front to left?,"Pedestrian(x)^InitialLocation(x, Front)^LastLocation(x, Left)"
Is there a brown hatchback at the front?,"TypeOf(x, Hatchback)^ColorOf(x, Brown)^InitialLocation(x, NearFront)"
Does the yellow car move at a constant speed?,"TypeOf(x, Car)^ColorOf(x, Yellow)^Vehicles(x)^Move(x)^ConstantSpeed(x)"
Does the police car come close to the pedestrian on the left?,"TypeOf(x, PoliceCar)^ColorOf(x, Black)^TypeOf(y, Pedestrian)^InitialLocation(y, OnLeft)^ComeClose(x, y)"
Does the white car decelerate?,"TypeOf(x, Car)^ColorOf(x, White)^Decelerate(x)"
Is the grey truck on the left of the white car?,"TypeOf(x, Truck)^ColorOf(x, Grey)^InitialLocation(x, Left)^TypeOf(y, Car)^ColorOf(y, White)^InitialLocation(y, Right)"
Does the person on the left disappear from the scene?,"Pedestrian(x)^Disappear(x)^InitialLocation(x, Left)"
Does the white van come close to the white car at the center?,"TypeOf(x, Van)^ColorOf(x, White)^InitialLocation(x, NearFront)^TypeOf(y, Car)^ColorOf(y, White)^InitialLocation(y, NearFront)^ComeClose(x, y)"
Does the white car move at a constant speed?,"TypeOf(x, Car)^ColorOf(x, White)^Vehicles(x)^ConstantSpeed(x)^Move(x)"
Does the police car at the center of the frame move at a constant speed?,"TypeOf(x, PoliceCar)^Vehicles(x)^ConstantSpeed(x)^InitialLocation(x, NearFront)"
Does the distance between the police car and the blue car decrease?,"TypeOf(x, PoliceCar)^ColorOf(x, Black)^TypeOf(y, Car)^ColorOf(y, Blue)^DistanceDecrease(x, y)"
Can you spot a pedestrian walking on the left?,"Pedestrian(x)^Walk(x)^InitialLocation(x, Left)"
Is there a brown car at the center of the frame?,"TypeOf(x, Car)^ColorOf(x, Brown)^InitialLocation(x, NearFront)"
Does the position of the police car change from front to left?,"TypeOf(x, PoliceCar)^InitialLocation(x, Front)^LastLocation(x, Left)"
Is there any red fire truck on the left of the scene?,"TypeOf(x, Truck)^ColorOf(x, Red)^TypeOf(x, FireTruck)^InitialLocation(x, NearLeft)"
Does the white car at the center approach a red truck coming from the opposite side?,"TypeOf(x, Car)^ColorOf(x, White)^InitialLocation(x, Center)^TypeOf(y, Truck)^ColorOf(y, Red)^ComeClose(x, y)"
Does the distance between the pedestrian and the white car decrease?,"Pedestrian(x)^Vehicles(y)^TypeOf(y, Car)^ColorOf(y, White)^DistanceDecrease(x, y)"
Does the white car move at a constant speed?,"TypeOf(x, Car)^ColorOf(x, White)^Vehicles(x)^Move(x)^ConstantSpeed(x)"
Does the black SUV maintain a constant distance from the terrain at the left of the scene?,"TypeOf(x, SUV)^ColorOf(x, Black)^Vehicles(x)^ConstantSpeed(x)^InitialLocation(x, Left)"
Is there a motorcycle on the left?,"TypeOf(x, Motorcycle)^InitialLocation(x, Left)"
Can you spot a pedestrian walking on the right?,"Pedestrian(x)^Walk(x)^InitialLocation(x, NearRight)"
Does the police car at the center move at a constant speed?,"TypeOf(x, PoliceCar)^ConstantSpeed(x)^InitialLocation(x, NearFront)"
Does the car move at a constant speed?,"TypeOf(x, Car)^Vehicles(x)^ConstantSpeed(x)"
Does the police car disappear?,"TypeOf(x, PoliceCar)^Disappear(x)"
Can you spot a pedestrian walking on the right of the scene?,"Pedestrian(x)^Walk(x)^InitialLocation(x, NearRight)"
Is there a black car on the left?,"TypeOf(x, Car)^ColorOf(x, Black)^InitialLocation(x, Left)"
Does a black car appear on the left?,"TypeOf(x, Car)^ColorOf(x, Black)^Appear(x)^InitialLocation(x, Left)"
Are there buildings far in front of the white car?,"TypeOf(x, Building)^IsBuilding(x)^DistanceIncrease(x, y)^TypeOf(y, Car)^ColorOf(y, White)^InitialLocation(y, FarFront)"
Does the white car get close to the pedestrian?,"TypeOf(x, Car)^ColorOf(x, White)^Vehicles(x)^ComeClose(x, y)^Pedestrian(y)"
Is there a person on the left of the white car?,"IsPerson(y)^InitialLocation(y, Left)^TypeOf(x, Car)^ColorOf(x, White)^InitialLocation(x, NearLeft)"
Does the person disappear from the scene?,IsPerson(x)^Disappear(x)
Can you spot another terrain in the front?,"TypeOf(x, Terrain)^InitialLocation(x, NearFront)"
Is the white SUV on the left of the white car?,"TypeOf(x, SUV)^ColorOf(x, White)^InitialLocation(x, Left)^TypeOf(y, Car)^ColorOf(y, White)^InitialLocation(y, Right)"
Does the pedestrian decrease the pace?,Pedestrian(x)^DecreasePace(x)
Are there some vehicles on the right?,Vehicles(x)^OnRight(x)
Can you spot a black car at the left of the scene?,"TypeOf(x, Car)^ColorOf(x, Black)^InitialLocation(x, Left)"
Does the white car move at a constant speed?,"TypeOf(x, Car)^ColorOf(x, White)^Vehicles(x)^ConstantSpeed(x)^Move(x)"
Can you spot a pedestrian at the front?,"Pedestrian(x)^OnRoad(x)^InitialLocation(x, NearFront)"
Is there any police car on the scene?,"TypeOf(x, PoliceCar)"
Does the person with the bicycle disappear from the scene?,"Pedestrian(x)^TypeOf(x, Bicycle)^Disappear(x)"
Does the motorcycle disappear from the left?,"TypeOf(x, Motorcycle)^Disappear(x)^LastLocation(x, NearLeft)"
Is there a black SUV on the right?,"TypeOf(x, SUV)^ColorOf(x, Black)^InitialLocation(x, NearRight)"
Does the police car come closer to the black SUV?,What is your last name
Is there another motorcycle moving at a constant speed in front of the police car?,"TypeOf(x, Motorcycle)^ConstantSpeed(x)^Move(x)^TypeOf(y, PoliceCar)^InitialLocation(y, Front)"
Does the gray SUV at the front come to near the left?,"TypeOf(x, SUV)^ColorOf(x, Gray)^InitialLocation(x, NearFront)^DistanceDecrease(x, y)^Pedestrian(y)^InitialLocation(y, NearLeft)"
Can you spot a pedestrian on the right?,"Pedestrian(x)^InitialLocation(x, Right)"
Is there a brown SUV on the left?,"TypeOf(x, SUV)^ColorOf(x, Brown)^InitialLocation(x, NearLeft)"
Does the white car at the center decelerate?,"TypeOf(x, Car)^ColorOf(x, White)^InitialLocation(x, NearFront)^Decelerate(x)"
Can you spot a pedestrian on the near left?,"Pedestrian(x)^InitialLocation(x, NearLeft)"
Does the white car at the center come close to a railtrack?,"TypeOf(x, Car)^ColorOf(x, White)^InitialLocation(x, NearFront)^DistanceDecrease(x, y)^TypeOf(y, Railtrack)^ComeClose(x, y)"
Is the person with the motorcycle at the front of the white car?,"TypeOf(x, Motorcycle)^Ride(x, y)^TypeOf(y, Car)^ColorOf(y, White)^InitialLocation(y, Front)"
Can you spot a person at the near-left?,"IsPedestrian(x)^InitialLocation(x, NearLeft)"
Does the distance between the police car and the yellow car on the left decrease?,"TypeOf(x, PoliceCar)^ColorOf(x, Black)^TypeOf(y, Car)^ColorOf(y, Yellow)^InitialLocation(y, Left)^DistanceDecrease(x, y)"
Does the police car accelerate?,"TypeOf(x, PoliceCar)^Vehicles(x)^Accelerate(x)"
Does the pedestrian disappear from the scene?,Pedestrian(x)^Disappear(x)
Can you spot a police car near the front?,"TypeOf(x, PoliceCar)^InitialLocation(x, NearFront)"
Does the police car get close to the brown car?,"TypeOf(x, PoliceCar)^ColorOf(x, Black)^TypeOf(y, Car)^ColorOf(y, Brown)^ComeClose(x, y)"
Does the person disappear from the scene?,IsPerson(x)^Disappear(x)
Does the speed of the SUV change?,"TypeOf(x, SUV)^Vehicles(x)^ConstantSpeed(x)"
Are there some vehicles at the front of the police car?,"TypeOf(y, PoliceCar)^Vehicles(y)^TypeOf(x, Vehicles)^InitialLocation(x, NearFront)^InitialLocation(y, NearFront)"
Does the police car at the center come close to the black car at the right?,"TypeOf(x, PoliceCar)^ColorOf(x, Black)^InitialLocation(x, NearFront)^TypeOf(y, Car)^ColorOf(y, Black)^InitialLocation(y, NearRight)^ComeClose(x, y)"
Can you spot a black car on the right?,"TypeOf(x, Car)^ColorOf(x, Black)^InitialLocation(x, Right)"
Do the person and the motorcycle disappear from the left of the scene?,"Pedestrian(x)^Disappear(x)^TypeOf(y, Motorcycle)^Disappear(y)^InitialLocation(x, Left)^InitialLocation(y, Left)"
Can you spot a pedestrian walking near the right of the police car?,"Pedestrian(x)^Walk(x)^InitialLocation(x, NearRight)^TypeOf(y, PoliceCar)^InitialLocation(y, NearRight)"
Is there a traffic light near the left of the white car?,"TypeOf(x, Trafficlight)^InitialLocation(x, NearLeft)^TypeOf(y, Car)^ColorOf(y, White)^InitialLocation(y, NearLeft)"
Does the brown move at a constant speed?,"TypeOf(x, Vehicles)^ColorOf(x, Brown)^ConstantSpeed(x)"
Can you spot a police car that appears on the right?,"TypeOf(x, PoliceCar)^Appear(x)^InitialLocation(x, NearRight)"
Is there a brown car on the right?,"TypeOf(x, Car)^ColorOf(x, Brown)^InitialLocation(x, NearRight)"
Is the pedestrian on the right of the white car,"Pedestrian(x)^OnRight(y)^TypeOf(y, Car)^ColorOf(y, White)"
Is there a police car at the center?,"TypeOf(x, PoliceCar)^InitialLocation(x, NearFront)"
Does the police car come closer to the black SUV?,Example: The police car stops on a road in a residential area. The police car is in a position to stop
Does the pedestrian walk at a fixed pace?,Pedestrian(x)^FixedPace(x)
Does the pedestrian disappear from the near left?,"Pedestrian(x)^Disappear(x)^InitialLocation(x, NearLeft)"
Is there a white car at the center of the frame?,"TypeOf(x, Car)^ColorOf(x, White)^InitialLocation(x, NearFront)"
Does the person disappear from the left?,"Pedestrian(x)^Disappear(x)^LastLocation(x, Left)"
Is the black car that appears from the left also at the left of the white car?,"TypeOf(x, Car)^ColorOf(x, Black)^Appear(x)^InitialLocation(x, NearLeft)^TypeOf(y, Car)^ColorOf(y, White)^InitialLocation(y, NearLeft)^ComeClose(x, y)"
Can you spot a gray car in front of the police car that moves at a constant speed? ,"TypeOf(x, Car)^ColorOf(x, Gray)^ConstantSpeed(x)^TypeOf(y, PoliceCar)^InitialLocation(x, NearFront)^InitialLocation(y, NearFront)"
Does the brown car disappear from the scene?,"TypeOf(x, Car)^ColorOf(x, Brown)^Disappear(x)"
Can you spot a blue SUV in front of the white car?,"TypeOf(x, SUV)^ColorOf(x, Blue)^InitialLocation(x, NearFront)^TypeOf(y, Car)^ColorOf(y, White)^InitialLocation(y, NearFront)"
Does the person disappear from the scene?,Pedestrian(x)^Disappear(x)
Does the white car decelerate?,"TypeOf(x, Car)^ColorOf(x, White)^Decelerate(x)"
Is the pedestrian in front of the white car?,"Pedestrian(x)^InitialLocation(x, NearFront)^TypeOf(y, Car)^ColorOf(y, White)^InitialLocation(y, NearFront)^DistanceDecrease(x, y)"
Is there a white car at the center of the scene?,"TypeOf(x, Car)^ColorOf(x, White)^InitialLocation(x, NearFront)"
Does the brown move at a constant speed?,"TypeOf(x, Vehicles)^ColorOf(x, Brown)^ConstantSpeed(x)"
Can you spot a brown SUV moving at a constant speed near the right?,"TypeOf(x, SUV)^ColorOf(x, Brown)^Vehicles(x)^Move(x)^ConstantSpeed(x)^InitialLocation(x, NearRight)"
Does the distance between the white car and the motorcycle decrease?,"TypeOf(x, Car)^ColorOf(x, White)^TypeOf(y, Motorcycle)^DistanceDecrease(x, y)"
Does the white SUV at the right of the scene maintain a constant velocity?,"TypeOf(x, SUV)^ColorOf(x, White)^Vehicles(x)^ConstantSpeed(x)"
Does the motorcycle disappear?,"TypeOf(x, Motorcycle)^Disappear(x)"
Can you spot a red truck on the left?,"TypeOf(x, Truck)^ColorOf(x, Red)^InitialLocation(x, NearLeft)"
Does a pedestrian disappear from the left?,"Pedestrian(x)^Disappear(x)^InitialLocation(x, Left)"
Does the distance between the police car and the overhanging rail track remain unchanged?,"TypeOf(x, PoliceCar)^TypeOf(y, RailTrack)^InitialLocation(x, position)^InitialLocation(y, position)^ConstantDistance(x, y)"
Is the motorcycle on the right of the white car?,"TypeOf(x, Motorcycle)^TypeOf(y, Car)^ColorOf(y, White)^OnRight(x, y)"
Can you spot a car near the right moving at a constant speed?,"TypeOf(x, Car)^Vehicles(x)^ConstantSpeed(x)^InitialLocation(x, NearRight)"
Is there a collision between the white car at the center and the brown car on the right?,"TypeOf(x, Car)^ColorOf(x, White)^InitialLocation(x, Center)^TypeOf(y, Car)^ColorOf(y, Brown)^InitialLocation(y, Right)^Collide(x, y)"
Is there a sidewalk on the left of the white car?,"TypeOf(x, Car)^ColorOf(x, White)^InitialLocation(y, LeftOf)^InitialLocation(x, Near)"
Does the orange bus move at a constant speed and disappear from the scene?,"TypeOf(x, Bus)^ColorOf(x, Orange)^Vehicles(x)^ConstantSpeed(x)^Disappear(x)"
Can you spot another car on the right?,"TypeOf(x, Car)^ColorOf(x, Any)^InitialLocation(x, Right)"
Does the distance between the person and the white car decrease?,"Pedestrian(y)^TypeOf(x, Car)^ColorOf(x, White)^DistanceDecrease(x, y)"
Is there a pedestrian on the right?,"Pedestrian(x)^InitialLocation(x, NearRight)"
Does the police car at the center come close to the motorcycle?,"TypeOf(x, PoliceCar)^ColorOf(x, Black)^InitialLocation(x, NearFront)^TypeOf(y, Motorcycle)^ComeClose(x, y)"
Can you spot a red fire truck on the left?,"TypeOf(x, Truck)^ColorOf(x, Red)^TypeOf(x, FireTruck)^InitialLocation(x, NearLeft)"
Does the black SUV disappear from the right?,"TypeOf(x, SUV)^ColorOf(x, Black)^Disappear(x)^LastLocation(x, NearRight)"
Does the gray van on the right disappear from the scene?,"TypeOf(x, Van)^ColorOf(x, Gray)^Disappear(x)"
Is there a pedestrian on the right walking at a fixed pace?,"Pedestrian(x)^FixedPace(x)^InitialLocation(x, NearRight)"
Can you spot traffic signs in the front?,"IsTrafficSign(x)^InitialLocation(x, NearFront)"
Does a pedestrian near the left increase pace and disappear from the scene?,"Pedestrian(x)^IncreasePace(x)^Disappear(x)^InitialLocation(x, Left)"
Does the police car move at a constant speed?,"TypeOf(x, PoliceCar)^Vehicles(x)^ConstantSpeed(x)"
Is there a grey truck on the right?,"TypeOf(x, Truck)^ColorOf(x, Gray)^InitialLocation(x, NearRight)"
Is the red SUV that disappears from the scene on the right of the white car?,"TypeOf(x, SUV)^ColorOf(x, Red)^Disappear(x)^TypeOf(y, Car)^ColorOf(y, White)^OnRight(x, y)"
Does the distance between the white car and the black car on the left decrease?,"TypeOf(x, Car)^ColorOf(x, White)^TypeOf(y, Car)^ColorOf(y, Black)^InitialLocation(x, NearLeft)^DistanceDecrease(x, y)"
Can you spot a person on the right of the scene?,"IsPedestrian(x)^InitialLocation(x, NearRight)"
Is there a person on the left of the police car?,"TypeOf(y, PoliceCar)^IsPerson(x)^InitialLocation(y, Left)^InitialLocation(x, Left)"
Does a person move at a constant speed?,Pedestrian(x)^NotAccelerate(x)^NotDecelerate(x)^FixedPace(x)
Can you spot a person on the right riding a motorcycle?,"Pedestrian(x)^Ride(x, y)^TypeOf(y, Motorcycle)^OnRight(y)"
Does the white car move at a constant speed?,"TypeOf(x, Car)^ColorOf(x, White)^Vehicles(x)^ConstantSpeed(x)^Move(x)"
Can you spot a police car at the center of the scene?,"TypeOf(x, PoliceCar)^InitialLocation(x, NearFront)"
Does the position of the pedestrian in the frame change from front to left?,"Pedestrian(x)^InitialLocation(x, Front)^LastLocation(x, Left)"
Can you spot a pedestrian walking near the right of the scene?,"Pedestrian(x)^Walk(x)^InitialLocation(x, NearRight)"
Does the police car move at a constant speed?,"TypeOf(x, PoliceCar)^ConstantSpeed(x)"
Is there a motorcycle on the right?,"TypeOf(x, Motorcycle)^InitialLocation(x, NearRight)"
Does the police car get close to traffic lights at an intersection?,"TypeOf(x, PoliceCar)^IsCar(x)^InitialLocation(x, NearFront)^Trafficlight(y)^InitialLocation(y, NearFront)^ComeClose(x, y)"
Are there some black cars on the right?,"TypeOf(x, Car)^ColorOf(x, Black)^InitialLocation(x, Right)"
Can you spot a person on the left of the scene moving at a constant speed?,"Pedestrian(x)^Moving(x)^ConstantSpeed(x)^InitialLocation(x, Left)"
Does the blue car disappear?,"TypeOf(x, Car)^ColorOf(x, Blue)^Disappear(x)"
Is there a person visible in front of the police car?,"TypeOf(y, PoliceCar)^TypeOf(x, Person)^Pedestrian(x)^InitialLocation(x, NearFront)^InitialLocation(y, NearFront)"
